Workbook

Sheet SalesData
A1: Customer | B1: Region | C1: Product | D1: Sales | E1: Profit | F1: Discount | G1: Timestamp
A2: CUST11 | B2: South | C2: Appliances | D2: 5487 | E2: 823 | F2: 0.05 | G2: =NOW()
A3: CUST24 | B3: South | C3: Electronics | D3: 12724 | E3: 636 | F3: 0.15 | G3: =NOW()
A4: CUST30 | B4: East | C4: Appliances | D4: 17330 | E4: 2599 | F4: 0.05 | G4: =NOW()
A5: CUST23 | B5: West | C5: Electronics | D5: 1536 | E5: 230 | F5: 0.05 | G5: =NOW()
A6: CUST27 | B6: South | C6: Furniture | D6: 17188 | E6: 859 | F6: 0.15 | G6: =NOW()
A7: CUST11 | B7: South | C7: Furniture | D7: 4899 | E7: 489 | F7: 0.1 | G7: =NOW()
A8: CUST7 | B8: West | C8: Furniture | D8: 8368 | E8: 418 | F8: 0.15 | G8: =NOW()
A9: CUST22 | B9: West | C9: Appliances | D9: 17033 | E9: 851 | F9: 0.15 | G9: =NOW()
A10: CUST13 | B10: North | C10: Appliances | D10: 3569 | E10: 535 | F10: 0.05 | G10: =NOW()
A11: CUST27 | B11: South | C11: Furniture | D11: 14614 | E11: 730 | F11: 0.15 | G11: =NOW()
A12: CUST6 | B12: South | C12: Furniture | D12: 13569 | E12: 1356 | F12: 0.1 | G12: =NOW()
A13: CUST18 | B13: East | C13: Furniture | D13: 12673 | E13: 1900 | F13: 0.05 | G13: =NOW()
... A301: CUST16 | B301: South | C301: Furniture | D301: 4059 | E301: 608 | F301: 0.05 | G301: =NOW()

Sheet CustomerSummary
A1: Customer | B1: TotalPurchase
A2: CUST1 | B2: =SUMIF(SalesData!A:A,A2,SalesData!D:D)
A3: CUST2 | B3: =SUMIF(SalesData!A:A,A3,SalesData!D:D)
A4: CUST3 | B4: =SUMIF(SalesData!A:A,A4,SalesData!D:D)
A5: CUST4 | B5: =SUMIF(SalesData!A:A,A5,SalesData!D:D)
A6: CUST5 | B6: =SUMIF(SalesData!A:A,A6,SalesData!D:D)
A7: CUST6 | B7: =SUMIF(SalesData!A:A,A7,SalesData!D:D)
A8: CUST7 | B8: =SUMIF(SalesData!A:A,A8,SalesData!D:D)
A9: CUST8 | B9: =SUMIF(SalesData!A:A,A9,SalesData!D:D)
A10: CUST9 | B10: =SUMIF(SalesData!A:A,A10,SalesData!D:D)
A11: CUST10 | B11: =SUMIF(SalesData!A:A,A11,SalesData!D:D)
A12: CUST11 | B12: =SUMIF(SalesData!A:A,A12,SalesData!D:D)
A13: CUST12 | B13: =SUMIF(SalesData!A:A,A13,SalesData!D:D)
... A31: CUST30 | B31: =SUMIF(SalesData!A:A,A31,SalesData!D:D)

Sheet MonthlySales
A1: Month | B1: Sales | C1: Growth
A2: Jan | B2: 36697 | C2: =IF(B2>B1,"↑","↓")
A3: Feb | B3: 77726 | C3: =IF(B3>B2,"↑","↓")
A4: Mar | B4: 35387 | C4: =IF(B4>B3,"↑","↓")
A5: Apr | B5: 24776 | C5: =IF(B5>B4,"↑","↓")
A6: May | B6: 53269 | C6: =IF(B6>B5,"↑","↓")
A7: Jun | B7: 30360 | C7: =IF(B7>B6,"↑","↓")
A8: Jul | B8: 73048 | C8: =IF(B8>B7,"↑","↓")
A9: Aug | B9: 21324 | C9: =IF(B9>B8,"↑","↓")
A10: Sep | B10: 67011 | C10: =IF(B10>B9,"↑","↓")
A11: Oct | B11: 41027 | C11: =IF(B11>B10,"↑","↓")
A12: Nov | B12: 65914 | C12: =IF(B12>B11,"↑","↓")
A13: Dec | B13: 51274 | C13: =IF(B13>B12,"↑","↓")

Sheet Pivot
A1: Region | B1: Electronics | C1: Furniture | D1: Appliances
A2: North | B2: =SUMIFS(SalesData!D:D,SalesData!B:B,"North",SalesData!C:C,"Electronics") | C2: =SUMIFS(SalesData!D:D,SalesData!B:B,"North",SalesData!C:C,"Furniture") | D2: =SUMIFS(SalesData!D:D,SalesData!B:B,"North",SalesData!C:C,"Appliances")
A3: South | B3: =SUMIFS(SalesData!D:D,SalesData!B:B,"South",SalesData!C:C,"Electronics") | C3: =SUMIFS(SalesData!D:D,SalesData!B:B,"South",SalesData!C:C,"Furniture") | D3: =SUMIFS(SalesData!D:D,SalesData!B:B,"South",SalesData!C:C,"Appliances")
A4: East | B4: =SUMIFS(SalesData!D:D,SalesData!B:B,"East",SalesData!C:C,"Electronics") | C4: =SUMIFS(SalesData!D:D,SalesData!B:B,"East",SalesData!C:C,"Furniture") | D4: =SUMIFS(SalesData!D:D,SalesData!B:B,"East",SalesData!C:C,"Appliances")
A5: West | B5: =SUMIFS(SalesData!D:D,SalesData!B:B,"West",SalesData!C:C,"Electronics") | C5: =SUMIFS(SalesData!D:D,SalesData!B:B,"West",SalesData!C:C,"Furniture") | D5: =SUMIFS(SalesData!D:D,SalesData!B:B,"West",SalesData!C:C,"Appliances")

Sheet Dashboard
